orgunitId,attributeId
YuQRtpLP10I,YRHdGdju12D
DiszpKrYNg8,wXiRnbJl4HX
vWbkYPRmKyS,Z7isZzgfUpu
dGheVylzol6,eJIWVhAd07T
zFDYIgyGmXG,qOsm4w52zLR
RzKeCma9qb1,QMdZdfZQmed
EB1zRKdYjdY,whB4GVNPib4
fwH9ipvXde9,bDrcEPx9nsu
ENHOJz3UH5L,KiRMdejTbrI
KKkLOTpMXGV,HFTbjZvKk5d
kbPmt60yi0L,bDR1uvpQSGH
iUauWFeH8Qp,F8HtSnFdAE5
nOYt1LtFSyU,spzqi9ZY1L4
BGGmAwx33dj,my5RGpUBjBV
TA7NvKjsn4A,xJ6ZV0SN4wP
Pc3JTyqnsmL,eNI5JFgpNLY
myQ4q1W6B4y,b9jxHnrjpYQ
RndxKqQGzUl,yBgTPfufPSP
lYIM1MXbSYS,b3Gk97awsLC
DNRAeXT9IwS,KcMmIjl4mJv
Mr4au3jR9bt,mQDuzRqUXSi
Lt8U7GVWvSR,aVA4jHDZM4Q
ZiOVcrSjSYe,wdp0KMANGc0
QlCIp2S9NHs,EpnAqS786uh
vULnao2hV5v,pTFT6noFBYe
CF243RPvNY7,T4WXJO74TBp
iEkBZnMDarP,J6Lqnc9pCcy
C9uduqDZr9d,kLQ8UJZj2sW
eNtRuQrrZeo,NaXmF20fDG7
eROJsBwxQHt,W9qHaoHEqJt
ajILkI0cfxn,g4uh9JdRWbJ
Zoy23SSHCPs,C6IxNJbRSKa
e1eIKM1GIF3,qDSNL71bSNF
BXJdOLvUrZB,iCV20at5LKl
TQkG0sX9nca,xeKIcyA34Cj
qIRCo0MfuGb,m7R5Jf5ZFGv
YmmeuGbqOwR,dE9a7C4UaDi
P69SId31eDp,nD3rfcJEV13
GWTIxJO9pRo,g4FfEoR7UZP
KXSqt7jv6DU,Do3ZuF09YXQ
XEyIRFd9pct,gmK5Ip1CVPk
daJPPxtIrQn,beFYZakTuxB
KSdZwrU7Hh6,RIXxZDYw2aq
VCtF1DbspR5,GCxv4JdYLxy
BmYyh9bZ0sr,tyZZdZjdWyu
vn9KJsLyP5f,cAOVadNRlVP
USQdmvrHh1Q,am9GMYrPDJY
U6Kr7Gtpidn,sh2TrRM1aEI
smoyi1iYNK6,ApNvIQwty4n
LsYpCyYxSLY,TyMIh0GWPAn
kvkDWg42lHR,HYLymY7iyiT
K1r3uF6eZ8n,CUP6yoS1hZ9
Z9QaI6sxTwW,S9nBx2onkCH
vEvs2ckGNQj,AL69skeiwJ7
fwxkctgmffZ,jcwVOmVZHbW
PQZJPIpTepd,WgNklcCJVKf
JsxnA2IywRo,LRBFbn47DEk
j0Mtr3xTMjM,d12mfqOCD99
hjpHnHZIniP,PWhWcRENV28
JdhagCUEMbj,Yrj4V8MiJ8x
Jiyc4ekaMMh,qkP7Jj1PDxg
nV3OkyzF4US,PaU92U1BtUr
xIKjidMrico,iyfKMQWkE6T
pRHGAROvuyI,eBpLNwGzYWp
EYt6ThQDagn,zGoSMWwJW7L
zSNUViKdkk3,RfxR3R1OYjF
aWQTfvgPA5v,FRvEwbD7own
QwMiPiME3bA,X5n6qttekfF
YpVol7asWvd,N66o7dMK9SR
l0ccv2yzfF3,DZgs9m80N2g
rXLor9Knq6l,Uhm1KIsdW9n
HV8RTzgcFH3,mZ3BhA1kf0E
jWSIbtKfURj,gTaxCt6bS28
LhaAPLxdSFH,R4xaOpE2wwt
hRZOIgQ0O1m,yB9sDFv7eT1
fRLX08WHWpL,Og9CwMukLdw
hdEuw2ugkVF,A5it1Hx38H7
W5fN3G6y1VI,RMJwBIUVOew
cM2BKSrj9F9,EpkkFYym9Aw
kU8vhUkAGaT,S2lEU8lLjTo
EjnIQNVAXGp,kqaZR02OSSZ
JdqfYTIFZXN,kSkLh7HnqPr
eV4cuxniZgP,VB1IsMl23wu
QywkxFudXrC,d0K9Hfo1Mb6
lY93YpCxJqf,GKUiJE1P8p6
BD9gU0GKlr2,G8ToCJNL4Ww
EVkm2xYcf6Z,snyQMPdSfgS
x4HaBHHwBML,IgOA5ye1HuU
GE25DpSrqpB,XvpAOozmCk1
DfUfwjM9am5,CIxySadKioM
xGMGhjA3y6J,lPwLQwN1LAY
yu4N82FFeLm,wr30iI2SfC0
nlt6j60tCHF,qCPW1YcQ2EM
RWvG1aFrr0r,FDfuALUFzHu
EfWCa0Cc8WW,siNO03RqYN3
FlBemv1NfEC,tqoAaNxyTMy
OTFepb1k9Db,GVWZOeke7SY
GFk45MOxzJJ,gmsq6DNtI2X
uKC54fzxRzO,iz1DS7TP45M
I4jWcnFmgEC,eV6myFcwdsm
J4GiUImJZoE,oE9kJFmSBiO
DmaLM8WYmWv,sN3s1qg3E2i
qgQ49DH9a0v,imThF7Ok8sK
ERmBhYkhV6Y,ntW4VXB9qcb
U09TSwIjG0s,JGyDK5B7DX7
VP397wRvePm,EeCFosM2Q0J
KIUCimTXf8Q,o03i8u0TVmU
L8iA6eLwKNb,TTfMHdRPOxn
DxAPPqXvwLy,XF9r05ylyRO
N233eZJZ1bh,xJvv6Rf9YME
pmxZm7klXBy,uSiYL1SnzJK
bQiBfA2j5cw,uLAt0lelqIQ
gy8rmvYT4cj,m8w2K5FfUFP
qtr8GGlm4gg,g1vJuJNxrAY
XG8HGAbrbbL,SLwrG04CBoM
r1RUyfVBkLp,fC2HCWBkCf3
r06ohri9wA9,TXSwJxrYOUe
WXnNDWTiE9r,Ff8FWZbfXp8
HWjrSuoNPte,nxNpwmkcfFY
UhHipWG7J8b,qWAWnmfkLEw
g5ptsn0SFX8,nSEbvaV7Fxm
KctpIIucige,q7fZVKND89a
j43EZb15rjI,tB3lbOVdSAG
VGAFxBXz16y,TqAUtMYVbDn
A3Fh37HWBWE,jWW5YqndW0G
g8DdBm7EmUt,JtW7bmAdjKF
vzup1f6ynON,laUnI8LxY5O
iGHlidSFdpu,jdiTTZuzavP
cgOy0hRMGu9,QpNW2FL1kwK
d9iMR1MpuIO,VrJQHUDC1TP
NqWaKXcg01b,UKbnUOBzDtV
PaqugoqjRIj,FnnWDRpGZj1
PrJQHI6q7w2,XLveB95SEOE
Qhmi8IZyPyD,jlpR1Hn0TGc
xhyjU2SVewz,TWEPtEubvRS
M2qEv692lS6,NOePybMVRvA
sxRd2XOzFbz,IzLybUOqnwe
AovmOHadayb,lQF5p5QN79y
FRxcUEwktoV,uuQGZmUl5tl
y5X4mP5XylL,TEST3vbnFud
l7pFejMtUoF,NYwSbYD84hz
LfTkc0S4b5k,rbYAhfxjq42
DBs6e2Oxaj1,b7u0cXtsU9x
npWGUj37qDe,oVodmIhOdX3
X7dWcGerQIm,gHmTkfMRCSL
XrF5AvaGcuw,ULLdN8BJKpW
EZPwuUTeIIG,WJsr9q29kKR
ARZ4y5i4reU,dBWEHXWqN3W
pk7bUK5c1Uf,lG0Rnxli17U
CG4QD1HC3h4,c123fPI2Vyv
byp7w6Xd9Df,D6v5zuv7d9G
NNE0YMCDZkO,ykcTFd7TKJs